<?xml version="1.0" encoding="UTF-8"?>
<GenRun Id="impl_1" LaunchPart="xc7a100tcsg324-1" LaunchTime="1741604196">
  <File Type="ROUTE-PWR" Name="lab1_power_routed.rpt"/>
  <File Type="PA-TCL" Name="lab1.tcl"/>
  <File Type="ROUTE-PWR-SUM" Name="lab1_power_summary_routed.pb"/>
  <File Type="REPORTS-TCL" Name="lab1_reports.tcl"/>
  <File Type="BITSTR-MSK" Name="lab1.msk"/>
  <File Type="ROUTE-CLK" Name="lab1_clock_utilization_routed.rpt"/>
  <File Type="RDI-RDI" Name="lab1.vdi"/>
  <File Type="POSTROUTE-PHYSOPT-BUS-SKEW-PB" Name="lab1_bus_skew_postroute_physopted.pb"/>
  <File Type="BG-BIT" Name="lab1.bit"/>
  <File Type="BG-DRC" Name="lab1.drc"/>
  <File Type="BG-BGN" Name="lab1.bgn"/>
  <File Type="BG-BIN" Name="lab1.bin"/>
  <File Type="BITSTR-RBT" Name="lab1.rbt"/>
  <File Type="BITSTR-NKY" Name="lab1.nky"/>
  <File Type="BITSTR-BMM" Name="lab1_bd.bmm"/>
  <File Type="BITSTR-MMI" Name="lab1.mmi"/>
  <File Type="ROUTE-METHODOLOGY-DRC" Name="lab1_methodology_drc_routed.rpt"/>
  <File Type="BITSTR-SYSDEF" Name="lab1.sysdef"/>
  <File Type="ROUTE-METHODOLOGY-DRC-PB" Name="lab1_methodology_drc_routed.pb"/>
  <File Type="BITSTR-LTX" Name="debug_nets.ltx"/>
  <File Type="BITSTR-LTX" Name="lab1.ltx"/>
  <File Type="BOOT-PDI-FILE" Name="lab1_boot.pdi"/>
  <File Type="WBT-USG" Name="usage_statistics_webtalk.html"/>
  <File Type="NPI_FILE" Name="lab1.npi"/>
  <File Type="OPT-DRC" Name="lab1_drc_opted.rpt"/>
  <File Type="RBD_FILE" Name="lab1.rbd"/>
  <File Type="OPT-HWDEF" Name="lab1.hwdef"/>
  <File Type="PLACE-IO" Name="lab1_io_placed.rpt"/>
  <File Type="PLACE-UTIL" Name="lab1_utilization_placed.rpt"/>
  <File Type="PLACE-UTIL-PB" Name="lab1_utilization_placed.pb"/>
  <File Type="PLACE-CTRL" Name="lab1_control_sets_placed.rpt"/>
  <File Type="PLACE-PRE-SIMILARITY" Name="lab1_incremental_reuse_pre_placed.rpt"/>
  <File Type="ROUTE-DRC" Name="lab1_drc_routed.rpt"/>
  <File Type="ROUTE-DRC-PB" Name="lab1_drc_routed.pb"/>
  <File Type="ROUTE-PWR-RPX" Name="lab1_power_routed.rpx"/>
  <File Type="ROUTE-STATUS" Name="lab1_route_status.rpt"/>
  <File Type="ROUTE-STATUS-PB" Name="lab1_route_status.pb"/>
  <File Type="ROUTE-DCP" Name="lab1_routed.dcp"/>
  <File Type="ROUTE-ERROR-DCP" Name="lab1_routed_error.dcp"/>
  <File Type="ROUTE-BLACKBOX-DCP" Name="lab1_routed_bb.dcp"/>
  <File Type="ROUTE-TIMINGSUMMARY" Name="lab1_timing_summary_routed.rpt"/>
  <File Type="ROUTE-TIMING-PB" Name="lab1_timing_summary_routed.pb"/>
  <File Type="ROUTE-TIMING-RPX" Name="lab1_timing_summary_routed.rpx"/>
  <File Type="ROUTE-SIMILARITY" Name="lab1_incremental_reuse_routed.rpt"/>
  <File Type="ROUTE-BUS-SKEW" Name="lab1_bus_skew_routed.rpt"/>
  <File Type="ROUTE-BUS-SKEW-PB" Name="lab1_bus_skew_routed.pb"/>
  <File Type="ROUTE-BUS-SKEW-RPX" Name="lab1_bus_skew_routed.rpx"/>
  <File Type="OPT-DCP" Name="lab1_opt.dcp"/>
  <File Type="PLACE-DCP" Name="lab1_placed.dcp"/>
  <File Type="PWROPT-DCP" Name="lab1_pwropt.dcp"/>
  <File Type="POSTPLACE-PWROPT-DCP" Name="lab1_postplace_pwropt.dcp"/>
  <File Type="PHYSOPT-DCP" Name="lab1_physopt.dcp"/>
  <File Type="POSTROUTE-PHYSOPT-DCP" Name="lab1_postroute_physopt.dcp"/>
  <File Type="POSTROUTE-PHYSOPT-BLACKBOX-DCP" Name="lab1_postroute_physopt_bb.dcp"/>
  <File Type="POSTROUTE-PHYSOPT-TIMING" Name="lab1_timing_summary_postroute_physopted.rpt"/>
  <File Type="POSTROUTE-PHYSOPT-TIMING-PB" Name="lab1_timing_summary_postroute_physopted.pb"/>
  <File Type="POSTROUTE-PHYSOPT-TIMING-RPX" Name="lab1_timing_summary_postroute_physopted.rpx"/>
  <File Type="POSTROUTE-PHYSOPT-BUS-SKEW" Name="lab1_bus_skew_postroute_physopted.rpt"/>
  <File Type="POSTROUTE-PHYSOPT-BUS-SKEW-RPX" Name="lab1_bus_skew_postroute_physopted.rpx"/>
  <File Type="ROUTE-DRC-RPX" Name="lab1_drc_routed.rpx"/>
  <File Type="ROUTE-METHODOLOGY-DRC-RPX" Name="lab1_methodology_drc_routed.rpx"/>
  <File Type="PDI-FILE" Name="lab1.pdi"/>
  <File Type="PL-PDI-FILE" Name="lab1_pld.pdi"/>
  <File Type="RCFI_FILE" Name="lab1.rcfi"/>
  <File Type="CFI_FILE" Name="lab1.cfi"/>
  <File Type="RNPI_FILE" Name="lab1.rnpi"/>
  <File Type="ROUTE-RQS" Name="lab1_routed.rqs"/>
  <File Type="POSTROUTE-PHYSOPT-RQS" Name="lab1_postroute_physopted.rqs"/>
  <File Type="ROUTE-RQS-RPT" Name="route_report_qor_suggestions_0.rpt"/>
  <File Type="POSTROUTE-PHYSOPT-RQS-RPT" Name="postroute_physopt_report_qor_suggestions_0.rpt"/>
  <FileSet Name="sources" Type="DesignSrcs" RelSrcDir="$PSRCDIR/sources_1" RelGenDir="$PGENDIR/sources_1">
    <Filter Type="Srcs"/>
    <File Path="$PPRDIR/../../实验/lab1/lab1.v">
      <FileInfo>
        <Attr Name="UsedIn" Val="synthesis"/>
        <Attr Name="UsedIn" Val="implementation"/>
        <Attr Name="UsedIn" Val="simulation"/>
      </FileInfo>
    </File>
    <Config>
      <Option Name="DesignMode" Val="RTL"/>
      <Option Name="TopModule" Val="lab1"/>
      <Option Name="TopAutoSet" Val="TRUE"/>
    </Config>
  </FileSet>
  <FileSet Name="constrs_in" Type="Constrs" RelSrcDir="$PSRCDIR/constrs_1" RelGenDir="$PGENDIR/constrs_1">
    <Filter Type="Constrs"/>
    <File Path="$PPRDIR/../../实验/lab1/lab1_nexys4_ddr.xdc">
      <FileInfo>
        <Attr Name="UsedIn" Val="synthesis"/>
        <Attr Name="UsedIn" Val="implementation"/>
      </FileInfo>
    </File>
    <Config>
      <Option Name="ConstrsType" Val="XDC"/>
    </Config>
  </FileSet>
  <FileSet Name="utils" Type="Utils" RelSrcDir="$PSRCDIR/utils_1" RelGenDir="$PGENDIR/utils_1">
    <Filter Type="Utils"/>
    <File Path="$PSRCDIR/utils_1/imports/synth_1/lab1.dcp">
      <FileInfo>
        <Attr Name="UsedIn" Val="synthesis"/>
        <Attr Name="UsedIn" Val="implementation"/>
        <Attr Name="UsedInSteps" Val="synth_1"/>
        <Attr Name="AutoDcp" Val="1"/>
      </FileInfo>
    </File>
    <Config>
      <Option Name="TopAutoSet" Val="TRUE"/>
    </Config>
  </FileSet>
  <Strategy Version="1" Minor="2">
    <StratHandle Name="Vivado Implementation Defaults" Flow="Vivado Implementation 2024"/>
    <Step Id="init_design"/>
    <Step Id="opt_design"/>
    <Step Id="power_opt_design"/>
    <Step Id="place_design"/>
    <Step Id="post_place_power_opt_design"/>
    <Step Id="phys_opt_design"/>
    <Step Id="route_design"/>
    <Step Id="post_route_phys_opt_design"/>
    <Step Id="write_bitstream"/>
    <Step Id="write_device_image"/>
  </Strategy>
</GenRun>
